Stand,Stand-Type,TariffType,SerialNumber,IsBulk,IsAMR,Manufacturer-Model,IpAddress,TariffType1,SerialNumber1,IsBulk1,IsAMR1,Manufacturer-Model1,IpAddress1
807,Occupied ,Residential 60A,47369101,FALSE,FALSE,Iskra(ME162),,Residential - Water,230044421,FALSE,TRUE,Sensus(Sensus 220C),Atom
808,Builders,Builders Electricity,91546240,FALSE,FALSE,Iskra(ME162),,Residential - Water,250052399,FALSE,FALSE,Sensus(220C),
809,Empty ,,,,,,,,,,,,
810,Builders,Builders Electricity,91546318,FALSE,FALSE,Iskra(ME162),,Residential - Water,250065197,FALSE,FALSE,Sensus(220C),
811,Builders,Builders Electricity,91732549,FALSE,FALSE,Iskra(ME162),,Residential - Water,250052389,FALSE,FALSE,Sensus(220C),
812,Occupied ,Residential 60A,91733381,FALSE,FALSE,Iskra(ME162),,Residential - Water,230044038,FALSE,FALSE,Sensus(220C),
813,Empty ,,,,,,,,,,,,
814,Empty ,,,,,,,,,,,,
815,Occupied ,Residential 60A,91546493,FALSE,FALSE,Iskra(ME162),,Residential - Water,230044059,FALSE,FALSE,Sensus(220C),
816,Empty ,,,,,,,,,,,,
817,Empty ,,,,,,,,,,,,
818,Empty ,,,,,,,,,,,,
819,Empty ,,,,,,,,,,,,
820,Empty ,,,,,,,,,,,,
821,Builders,Builders Electricity,91732562,FALSE,FALSE,Iskra(ME162),,Residential - Water,230050636,FALSE,FALSE,Sensus(220C),
822,Occupied ,Residential 60A,91546168,FALSE,FALSE,Iskra(ME162),,Residential - Water,230060350,FALSE,FALSE,Sensus(220C),
823,Builders,Builders Electricity,84340936,FALSE,FALSE,Iskra(ME162 D3A42),AEAJAJ,Residential - Water,260000367,FALSE,FALSE,Sensus(220C),
824,Occupied ,Residential 60A,68054422,FALSE,FALSE,Iskra(ME162-D),,Residential - Water,230044039,FALSE,FALSE,Sensus(Sensus 220C),
825,Empty ,,,,,,,,,,,,
826,Empty ,,,,,,,,,,,,
827,Empty ,,,,,,,,,,,,
828,Occupied ,Residential 60A,91733424,FALSE,FALSE,Iskra(ME162),,Residential - Water,230059586,FALSE,FALSE,Sensus(220C),
829,Occupied ,Residential 60A,47369054,FALSE,FALSE,Iskra(ME162),,Residential - Water,240028193,FALSE,FALSE,Sensus(Sensus 220C),
830,Empty ,,,,,,,,,,,,
831,Occupied ,Residential 60A,91546458,FALSE,FALSE,Iskra(ME162),,Residential - Water,230044521,FALSE,FALSE,Sensus(220C),
832,Builders,Builders Electricity,90007892,FALSE,FALSE,Iskra?,,,,,,,
833,Empty ,,,,,,,,,,,,
834,Occupied ,Residential 60A,91546457,FALSE,FALSE,Iskra(ME162),,Residential - Water,240027613,FALSE,FALSE,Sensus(220C),
835,Occupied ,Residential 60A,90008046,FALSE,FALSE,Iskra?,,Residential - Water,230044768,FALSE,TRUE,Sensus(Sensus 220C),Atom
836,Occupied ,Residential 60A,84039752,FALSE,FALSE,Iskra(ME162),,Residential - Water,211168025,FALSE,TRUE,Sensus(220C),Atom
837,Occupied ,Residential 60A,87819415,FALSE,FALSE,Iskra(ME162),,Residential - Water,220070386,FALSE,TRUE,Sensus(220C),Atom
838,Occupied ,Residential 60A,42607727,FALSE,FALSE,Iskra(ME162),,Residential - Water,211144206,FALSE,TRUE,Sensus(220C),Atom
839,Builders,Builders Electricity,91732949,FALSE,FALSE,Iskra(ME162),,Residential - Water,250023471,FALSE,FALSE,Sensus(220C),
840,Empty ,,,,,,,,,,,,
841,Occupied ,Residential 60A,91546495,FALSE,FALSE,Iskra(ME162),,Residential - Water,230059581,FALSE,FALSE,Sensus(220C),
842,Empty ,,,,,,,,,,,,
843,Occupied ,Residential 60A,90007844,FALSE,FALSE,Iskra(ME162 - Iskra),,Residential - Water,230044764,FALSE,TRUE,Sensus(Sensus 220C),Atom
844,Empty ,,,,,,,,,,,,
845,Empty ,,,,,,,,,,,,
846,Occupied ,Residential 60A,47369146,FALSE,FALSE,Iskra(ME162),,Residential - Water,240029076,FALSE,TRUE,Sensus(Sensus 220C),Atom
847,Occupied ,Residential 60A,62627128,FALSE,FALSE,Iskra(ME162-D),,Residential - Water,230044423,FALSE,FALSE,Sensus(Sensus 220C),
848,Empty ,,,,,,,,,,,,
849,Occupied ,Gridtie 60A,90007917,FALSE,FALSE,Iskra(ME162),,Residential - Water,211168040,FALSE,FALSE,Sensus(Sensus 220C),
850,Occupied ,Residential 60A,91732520,FALSE,FALSE,Iskra(ME162),,Residential - Water,250022716,FALSE,FALSE,Sensus(220C),
851,Empty ,,,,,,,,,,,,
852,Empty ,,,,,,,,,,,,
853,Empty ,,,,,,,,,,,,
854,Empty ,,,,,,,,,,,,
855,Builders,Builders Electricity,91733374,FALSE,FALSE,Iskra(ME162),,Residential - Water,230050255,FALSE,FALSE,Sensus(220C),
856,Occupied ,Residential 60A,91732623,FALSE,FALSE,Iskra(ME162),,Residential - Water,250022718,FALSE,FALSE,Sensus(220C),
857,Empty ,,,,,,,,,,,,
858,Empty ,,,,,,,,,,,,
859,Empty ,,,,,,,,,,,,
860,Empty ,,,,,,,,,,,,
861,Builders,Builders Electricity,89392150,FALSE,FALSE,Iskra(ME162),,Residential - Water,230059597,FALSE,FALSE,Sensus(220C),
862,Occupied ,Residential 60A,90007856,FALSE,FALSE,Iskra(ME162 - Iskra),,Residential - Water,240027680,FALSE,TRUE,Sensus(Sensus 220C),Atom
863,Occupied ,Residential 60A,M.E.S.42607266,FALSE,FALSE,Iskra(ME162 - Iskra),,Residential - Water,211168027,FALSE,TRUE,Sensus(Sensus 220C),Atom
864,Occupied ,Residential 60A,46884140,FALSE,FALSE,Iskra(ME162),,Residential - Water,211144207,FALSE,TRUE,Sensus(220c),Atom
865,Occupied ,Residential 60A,91546464,FALSE,FALSE,Iskra(ME162),,Residential - Water,230050623,FALSE,FALSE,Sensus(220C),
866,Empty ,,,,,,,,,,,,
867,Empty ,,,,,,,,,,,,
868,Empty ,,,,,,,,,,,,
869,Occupied ,Residential 60A,90007827,FALSE,FALSE,Iskra(ME162 - Iskra),,Residential - Water,230044101,FALSE,TRUE,Sensus(Sensus 220C),Atom
870,Empty ,,,,,,,,,,,,
871,Builders,Builders Electricity,91733403,FALSE,FALSE,Iskra(ME162),,Residential - Water,230060321,FALSE,FALSE,Sensus(220C),
872,Occupied ,Residential 60A,87819387,FALSE,FALSE,Iskra?,,Residential - Water,230044776,FALSE,TRUE,Sensus(Sensus 220C),Atom
873,Empty ,,,,,,,,,,,,
874,Builders,Builders Electricity,47369108,FALSE,FALSE,Iskra(ME162),,Residential - Water,240027609,FALSE,FALSE,Sensus(Sensus),
875,Builders,Builders Electricity,84039741,FALSE,FALSE,Iskra(ME162),,Residential - Water,230044104,FALSE,TRUE,Sensus(Sensus 220C),Atom
876,Occupied ,Residential 60A,87819213,FALSE,FALSE,Iskra(ME162),,Residential - Water,211144219,FALSE,TRUE,Sensus(220C),Atom
877,Occupied ,Residential 60A,42607800,FALSE,FALSE,Iskra?,,Residential - Water,211168037,FALSE,TRUE,Sensus(220C),Atom
878,Empty ,,,,,,,,,,,,
879,Occupied ,Residential 60A,87819259,FALSE,FALSE,Iskra(ME162),,Residential - Water,211144213,FALSE,TRUE,Sensus(220C),Atom
880,Builders,Builders Electricity,91733398,FALSE,FALSE,Iskra(ME162),,Residential - Water,230050256,FALSE,FALSE,Sensus(220C),
881,Empty ,,,,,,,,,,,,
882,Occupied ,Residential 60A,42607226,FALSE,FALSE,Iskra(ME162),,Residential - Water,220070399,FALSE,TRUE,Sensus(220C),Atom
883,Occupied ,Residential 60A,47369134,FALSE,FALSE,Iskra(ME162),,Residential - Water,230044767,FALSE,TRUE,Sensus(Sensus 220C),Atom
884,Occupied ,Residential 60A,90007992,FALSE,FALSE,Iskra?,,Residential - Water,211168029,FALSE,FALSE,Sensus?,
885,Occupied ,Residential 60A,47369087,FALSE,FALSE,Iskra(ME162),,Residential - Water,230044106,FALSE,FALSE,Sensus(Sensus 220C),
886,Occupied ,Residential 60A,84039748,FALSE,FALSE,Iskra(ME162),,Residential - Water,240027624,FALSE,TRUE,Sensus(Sensus 220C),Atom
887,Builders,Builders Electricity,91733228,FALSE,FALSE,Iskra(ME162),,Residential - Water,230060322,FALSE,FALSE,Sensus(220C),
888,Occupied ,Residential 60A,90007921,FALSE,FALSE,Iskra(ME162 - Iskra),,Residential - Water,211157577,FALSE,TRUE,Sensus(220C),Atom
889,Builders,Builders Electricity,91733384,FALSE,FALSE,Iskra(ME162),,Residential - Water,230059589,FALSE,FALSE,Sensus(220C),
890,Occupied ,Residential 60A,90007929,FALSE,FALSE,Iskra(ME162 - Iskra),,Residential - Water,211168035,FALSE,FALSE,Sensus(Sensus 220C),
891,Builders,Builders Electricity,68054013,FALSE,FALSE,Iskra(ME162-D),,Residential - Water,250021744,FALSE,FALSE,Sensus(220C),
892,Occupied ,Residential 60A,62627153,FALSE,FALSE,Iskra(ME162-D),,Residential - Water,230044761,FALSE,TRUE,Sensus(Sensus 220C),Atom
893,Occupied ,Residential 60A,91546468,FALSE,FALSE,Iskra(ME162),,Residential - Water,230060464,FALSE,TRUE,Sensus(220C),Atom
894,Empty ,,,,,,,,,,,,
895,Builders,Builders Electricity,91733010,FALSE,FALSE,Iskra(ME162),,Residential - Water,250022471,FALSE,FALSE,Sensus(220C),
896,Empty ,,,,,,,,,,,,
897,Empty ,,,,,,,,,,,,
898,Occupied ,Gridtie 60A,68054105,FALSE,FALSE,Actom?,,Residential - Water,230044778,FALSE,TRUE,Sensus(Sensus 220C),Atom
899,Empty ,,,,,,,,,,,,
900,Occupied ,Residential 60A,85354227,FALSE,FALSE,Iskra(ME162),,Residential - Water,211144201,FALSE,TRUE,Sensus(220C),Atom
901,Occupied ,Residential 60A,47369105,FALSE,FALSE,Iskra(ME162),,Residential - Water,220070395,FALSE,TRUE,Sensus(220C),Atom
902,Builders,Builders Electricity,91546186,FALSE,FALSE,Iskra(ME162),,Residential - Water,250053019,FALSE,FALSE,Sensus(220C),
903,Occupied ,Residential 60A,42576492,FALSE,FALSE,Iskra(ME162),,Residential - Water,211144218,FALSE,TRUE,Sensus(220C),Atom
904,Empty ,,,,,,,,,,,,
905,Occupied ,Residential 60A,91733423,FALSE,FALSE,Iskra(ME162),,Residential - Water,230044023,FALSE,FALSE,Sensus(220C),
906,Occupied ,Residential 60A,90008092,FALSE,FALSE,Iskra?,,Residential - Water,240028994,FALSE,TRUE,Sensus(Sensus 220C),Atom
907,Occupied ,Residential 60A,69678719,FALSE,FALSE,Actom?,,Residential - Water,240027635,FALSE,FALSE,Sensus(Sensus 220C),
908,Occupied ,Residential 60A,90007943,FALSE,FALSE,Iskra(ME162 - Iskra),,Residential - Water,230044766,FALSE,FALSE,Sensus(Sensus 220C),
909,Empty ,,,,,,,,,,,,
910,Empty ,,,,,,,,,,,,
911,Builders,,,,,,,Residential - Water,250041726,FALSE,FALSE,Sensus(220C),
912,Occupied ,Residential 60A,46884723,FALSE,FALSE,Iskra(ME162),,Residential - Water,211144208,FALSE,TRUE,Sensus(220C),Atom
913,Empty ,,,,,,,,,,,,
914,Builders,Builders Electricity,91732269,FALSE,FALSE,Iskra(ME162),,Residential - Water,260000377,FALSE,FALSE,Sensus(220C),
915,Builders,Builders Electricity,68053983,FALSE,FALSE,Actom?,,Residential - Water,250021751,FALSE,FALSE,Sensus(220C),
916,Empty ,,,,,,,,,,,,
917,Empty ,,,,,,,,,,,,
918,Builders,Builders Electricity,68053908,FALSE,FALSE,Iskra(ME162-D),,Residential - Water,250053016,FALSE,FALSE,Sensus(220C),
919,Builders,Builders Electricity,91732648,FALSE,FALSE,Iskra(ME162),,Residential - Water,250020347,FALSE,FALSE,Sensus(220C),
920,Empty ,,,,,,,,,,,,
921,Empty ,,,,,,,,,,,,
922,Empty ,,,,,,,,,,,,
923,Empty ,,,,,,,,,,,,
924,Empty ,,,,,,,,,,,,
925,Builders,Builders Electricity,91546226,FALSE,FALSE,Iskra(ME162),,Residential - Water,260000375,FALSE,FALSE,Sensus(220C),
926,Empty ,,,,,,,,,,,,
927,Empty ,,,,,,,,,,,,
928,Empty ,,,,,,,,,,,,
929,Empty ,,,,,,,,,,,,
930,Builders,Builders Electricity,91732868,FALSE,FALSE,Iskra(ME162),,Residential - Water,250021752,FALSE,FALSE,Sensus(220C),
931,Empty ,,,,,,,,,,,,
932,Builders,Builders Electricity,91732978,FALSE,FALSE,Iskra(ME162),,Residential - Water,260000373,FALSE,FALSE,Sensus(220C),
933,Builders,,,,,,,Residential - Water,260000370,FALSE,FALSE,Sensus(220C),
934,Builders,,,,,,,Residential - Water,260000326,FALSE,FALSE,Sensus(220C),
935,Empty ,,,,,,,,,,,,
936,Empty ,,,,,,,,,,,,
937,Empty ,,,,,,,,,,,,
938,Occupied ,Residential 60A,91732586,FALSE,FALSE,Iskra(ME162),,Residential - Water,230059605,FALSE,FALSE,Sensus(220C),
939,Builders,Builders Electricity,68054023,FALSE,FALSE,Alstom?,,Residential - Water,250052994,FALSE,FALSE,Sensus(220C),
940,Builders,Builders Electricity,91546251,FALSE,FALSE,Iskra(ME162),,Residential - Water,250053013,FALSE,FALSE,Sensus(220C),
941,Occupied ,Residential 60A,47369123,FALSE,FALSE,Iskra(ME162),,Residential - Water,240027588,FALSE,FALSE,Sensus(Sensus 220C),
942,Occupied ,Residential 60A,91733390,FALSE,FALSE,Iskra(ME162),,Residential - Water,230060336,FALSE,FALSE,Sensus(220C),
943,Empty ,,,,,,,,,,,,
944,Empty ,,,,,,,,,,,,
945,Occupied ,Residential 60A,91732509,FALSE,FALSE,Iskra(ME162),,Residential - Water,250020346,FALSE,FALSE,Sensus(220C),
946,Occupied ,Residential 60A,91733255,FALSE,FALSE,Iskra(ME162),,Residential - Water,230060343,FALSE,FALSE,Sensus(220C),
947,Empty ,,,,,,,,,,,,
948,Empty ,,,,,,,,,,,,
949,Empty ,,,,,,,,,,,,
950,Builders,Builders Electricity,98819667,FALSE,FALSE,Iskra(MT174D),,Residential - Water,230059604,FALSE,FALSE,Sensus(220C),
951,Empty ,,,,,,,,,,,,
952,Occupied ,Residential 60A,67020682,FALSE,FALSE,Iskra(ME162-D),,Residential - Water,240027607,FALSE,FALSE,Sensus(Sensus 220C),
953,Builders,Builders Electricity,98819677,FALSE,FALSE,Iskra(MT174-D),,Residential - Water,230059582,FALSE,FALSE,Sensus(Sensus 220C),
954,Empty ,,,,,,,,,,,,
955,Empty ,,,,,,,,,,,,
956,Empty ,,,,,,,,,,,,
957,Empty ,,,,,,,,,,,,
958,Builders,Builders Electricity,91546268,FALSE,FALSE,Iskra(ME162),,Residential - Water,260000363,FALSE,FALSE,Sensus(220C),
959,Empty ,,,,,,,,,,,,
960,Builders,Builders Electricity,91732905,FALSE,FALSE,Iskra(ME162),,Residential - Water,250022472,FALSE,FALSE,Sensus(220C),
961,Builders,Builders Electricity,47369104,FALSE,FALSE,Iskra(ME162),,Residential - Water,240029046,FALSE,TRUE,Sensus(220C),Atom
962,Empty ,,,,,,,,,,,,
963,Builders,Elec Zero Charge,67988107,FALSE,FALSE,Iskra(ME162-D),,Zero Charge - Water,230050244,FALSE,FALSE,Sensus(Sensus 220C),
964,Empty ,,,,,,,,,,,,
965,Empty ,,,,,,,,,,,,
966,Builders,Builders Electricity,91732906,FALSE,FALSE,Iskra(ME162),,Residential - Water,250021750,FALSE,FALSE,Sensus(220C),
967,Builders,,,,,,,Residential - Water,250052390,FALSE,FALSE,Sensus(220C),
968,Empty ,,,,,,,,,,,,
969,Empty ,,,,,,,,,,,,
970,Empty ,,,,,,,,,,,,
971,Builders,Builders Electricity,91732957,FALSE,FALSE,Iskra(ME162),,Residential - Water,250020351,FALSE,FALSE,Sensus(220C),
972,Empty ,,,,,,,,,,,,
973,Empty ,,,,,,,,,,,,
974,Empty ,,,,,,,,,,,,
975,Occupied ,Residential 60A,47369128,FALSE,FALSE,Iskra(ME162),,Residential - Water,230044431,FALSE,TRUE,Elster?,Atom
976,Empty ,,,,,,,,,,,,
977,Empty ,,,,,,,,,,,,
978,Empty ,,,,,,,,,,,,
979,Occupied ,Residential 60A,91546507,FALSE,FALSE,Iskra(ME162),,Residential - Water,230050241,FALSE,FALSE,Sensus(220C),
980,Occupied ,Residential 60A,91732639,FALSE,FALSE,Iskra(ME162),,Residential - Water,230059619,FALSE,FALSE,Sensus(220C),
981,Occupied ,Gridtie 3x100A,94991702,FALSE,FALSE,Iskra(MT174D),,Residential - Water,230050249,FALSE,FALSE,Sensus(220C),
982,Builders,Builders Electricity,91732878,FALSE,FALSE,Iskra(ME162),,Residential - Water,250021198,FALSE,FALSE,Sensus(220C),
983,Builders,Builders Electricity,66599733,FALSE,FALSE,Iskra(ME162-D),,Residential - Water,230060330,FALSE,FALSE,Sensus(Sensus 220C),
984,Occupied ,Residential 60A,47369096,FALSE,FALSE,Iskra(ME162),,Residential - Water,230044107,FALSE,FALSE,Sensus(Sensus 220C),
985,Builders,,,,,,,,,,,,
986,Empty ,,,,,,,,,,,,
987,Empty ,,,,,,,,,,,,
988,Occupied ,Residential 60A,67020992,FALSE,FALSE,Iskra(ME162-D),,Residential - Water,54554243,FALSE,FALSE,Kampstrup(FlowIQ 2200 / KWM2210),
989,Empty ,,,,,,,,,,,,
990,Empty ,,,,,,,,,,,,
991,Empty ,,,,,,,,,,,,
992,Empty ,,,,,,,,,,,,
993,Empty ,,,,,,,,,,,,
994,Empty ,,,,,,,,,,,,
995,Empty ,,,,,,,,,,,,
996,Empty ,,,,,,,,,,,,
1027,Occupied ,Residential 3x80A,98819660,FALSE,FALSE,Iskra(MT174D),,Residential - Water,230044021,FALSE,FALSE,Sensus(Sensus 220C),
1028,Empty ,,,,,,,,,,,,
1029,Empty ,,,,,,,,,,,,
1030,Empty ,,,,,,,,,,,,
1031,Empty ,,,,,,,,,,,,
1032,Empty ,,,,,,,,,,,,
1033,Builders,Builders Electricity,91546239,FALSE,FALSE,Iskra(ME162),,Residential - Water,250065193,FALSE,FALSE,Sensus(220C),
1034,Empty ,,,,,,,,,,,,
1035,Empty ,,,,,,,,,,,,
1036,Empty ,,,,,,,,,,,,
1037,Occupied ,Residential 60A,90007947,FALSE,FALSE,Iskra(ME162 - Iskra),,Residential - Water,230044779,FALSE,FALSE,Sensus(Sensus 220C),
1038,Empty ,,,,,,,,,,,,
1039,Empty ,,,,,,,,,,,,
1040,Empty ,,,,,,,,,,,,
1041,Occupied ,Residential 60A,91546012,FALSE,FALSE,Iskra(ME162),,Residential - Water,230050253,FALSE,FALSE,Sensus(220C),
1042,Empty ,,,,,,,,,,,,
1043,Occupied ,Gridtie 60A,87818899,FALSE,FALSE,Iskra(MT174D - Iskra),,Residential - Water,211144211,FALSE,TRUE,Sensus(Sensus 220C),Atom
1044,Builders,Builders Electricity,91546502,FALSE,FALSE,Iskra(ME162),,Residential - Water,230050622,FALSE,FALSE,Sensus(220C),
1045,Builders,Builders Electricity,68054309,FALSE,FALSE,Actom?,,Residential - Water,250022469,FALSE,FALSE,Sensus(220C),
1046,Empty ,,,,,,,,,,,,
1047,Empty ,,,,,,,,,,,,
1048,Empty ,,,,,,,,,,,,
1049,Empty ,,,,,,,,,,,,
1050,Empty ,,,,,,,,,,,,
1051,Builders,Builders Electricity,89392192,FALSE,FALSE,Iskra(ME162),,Residential - Water,240029065,FALSE,FALSE,Sensus(Sensus 220C),
1052,Empty ,,,,,,,,,,,,
1053,Empty ,,,,,,,,,,,,
1054,Occupied ,Gridtie 60A,90008068,FALSE,FALSE,Iskra?,,Residential - Water,240027669,FALSE,TRUE,Sensus(Sensus 220C),Atom
1055,Empty ,,,,,,,,,,,,
1056,Empty ,,,,,,,,,,,,
1057,Occupied ,Residential 60A,46886758,FALSE,FALSE,Iskra(ME162),,Residential - Water,240027617,FALSE,FALSE,Sensus(220C),
1058,Builders,Builders Electricity,91733395,FALSE,FALSE,Iskra(ME162),,Residential - Water,230050257,FALSE,FALSE,Sensus(220C),
1059,Empty ,,,,,,,,,,,,
1060,Empty ,,,,,,,,,,,,
1061,Empty ,,,,,,,,,,,,
1062,Builders,Builders Electricity,84039714,FALSE,FALSE,Iskra(ME162),,Residential - Water,230050248,FALSE,FALSE,Sensus(220C),
1063,Builders,Builders Electricity,91732734,FALSE,FALSE,Iskra(ME162),,Residential - Water,230044524,FALSE,FALSE,Sensus(220C),
1064,Occupied ,Residential 60A,67020968,FALSE,FALSE,Iskra(ME162-D),,Residential - Water,240028187,FALSE,FALSE,Sensus(Sensus 220C),
1065,Empty ,,,,,,,,,,,,
1066,Builders,Builders Electricity,91732569,FALSE,FALSE,Iskra(ME162),,Residential - Water,250020344,FALSE,FALSE,Sensus(220C),
1067,Builders,Builders Electricity,91733080,FALSE,FALSE,Iskra(ME162),,Residential - Water,250023444,FALSE,FALSE,Sensus(220C),
1068,Empty ,,,,,,,,,,,,
1069,Empty ,,,,,,,,,,,,
1070,Empty ,,,,,,,,,,,,
1071,Occupied ,Residential 60A,91733372,FALSE,FALSE,Iskra(ME162),,Residential - Water,230060480,FALSE,FALSE,Sensus(220C),
1072,Occupied ,Residential 60A,82929440,FALSE,FALSE,Iskra(MT174D),,Residential - Water,230044769,FALSE,TRUE,Elster?,Atom
1073,Occupied ,Residential 60A,47511701,FALSE,FALSE,Iskra(ME162),,Residential - Water,211144202,FALSE,TRUE,Sensus(220C),Atom
1074,Empty ,,,,,,,,,,,,
1075,Empty ,,,,,,,,,,,,
1076,Builders,Builders Electricity,91732566,FALSE,FALSE,Iskra(ME162),,Residential - Water,230060328,FALSE,FALSE,Sensus(220C),
1077,Occupied ,Residential 60A,90007831,FALSE,FALSE,Iskra(ME162 - Iskra),,Residential - Water,240031626,FALSE,FALSE,Sensus(Sensus 220C),
1078,Empty ,,,,,,,,,,,,
1079,Empty ,,,,,,,,,,,,
1080,Builders,Builders Electricity,68053893,FALSE,FALSE,Iskra?,,Residential - Water,250022473,FALSE,FALSE,Sensus(220C),
1081,Empty ,,,,,,,,,,,,
1082,Builders,Builders Electricity,91732573,FALSE,FALSE,Iskra(ME162),,Residential - Water,250022337,FALSE,FALSE,Sensus(220C),
1083,Occupied ,Residential 60A,91732884,FALSE,FALSE,Iskra(ME162),,Residential - Water,2300060465,FALSE,FALSE,Sensus(220C),
1084,Builders,Builders Electricity,85354277,FALSE,FALSE,Iskra(ME162),,Residential - Water,250052381,FALSE,FALSE,Sensus(220C),
1085,Empty ,,,,,,,,,,,,
1086,Builders,Builders Electricity,98819661,FALSE,FALSE,Iskra(MT174D),,Residential - Water,250022713,FALSE,FALSE,Sensus(220C),
1087,Empty ,,,,,,,,,,,,
1088,Builders,,,,,,,Residential - Water,260000361,FALSE,FALSE,Sensus(220C),
1089,Empty ,,,,,,,,,,,,
1090,Occupied ,Residential 60A,91733382,FALSE,FALSE,Iskra(ME162),,Residential - Water,230060339,FALSE,FALSE,Sensus(220C),
1091,Empty ,,,,,,,,,,,,
1092,Builders,Builders Electricity,68054291,FALSE,FALSE,Actom?,,Residential - Water,250021199,FALSE,FALSE,Sensus(220C),
1093,Empty ,,,,,,,,,,,,
1094/Dev,Builders,Builders Electricity,98820128,FALSE,FALSE,Iskra(MT174-T),,Residential - Water,230050624,FALSE,FALSE,Sensus(220C),
1096,Empty ,,,,,,,,,,,,
1097,Empty ,,,,,,,,,,,,
1098,Empty ,,,,,,,,,,,,
1099,Empty ,,,,,,,,,,,,
1100,Empty ,,,,,,,,,,,,
1101,Empty ,,,,,,,,,,,,
1102,Empty ,,,,,,,,,,,,
1103,Empty ,,,,,,,,,,,,
1104,Empty ,,,,,,,,,,,,
1105,Empty ,,,,,,,,,,,,
1106,Empty ,,,,,,,,,,,,
1107,Empty ,,,,,,,,,,,,
1108,Empty ,,,,,,,,,,,,
1109,Empty ,,,,,,,,,,,,
1110,Empty ,,,,,,,,,,,,
1111,Empty ,,,,,,,,,,,,
1112,Empty ,,,,,,,,,,,,
1113,Empty ,,,,,,,,,,,,
1114,Empty ,,,,,,,,,,,,
1115,Empty ,,,,,,,,,,,,
1116,Empty ,,,,,,,,,,,,
1117,Empty ,,,,,,,,,,,,
1118,Empty ,,,,,,,,,,,,
1119,Empty ,,,,,,,,,,,,
1120,Empty ,,,,,,,,,,,,
1121,Empty ,,,,,,,,,,,,
1122,Empty ,,,,,,,,,,,,
1123,Empty ,,,,,,,,,,,,
1124,Empty ,,,,,,,,,,,,
1125,Empty ,,,,,,,,,,,,
1126,Empty ,,,,,,,,,,,,
1127,Empty ,,,,,,,,,,,,
1128,Empty ,,,,,,,,,,,,
1129,Empty ,,,,,,,,,,,,
1130,Empty ,,,,,,,,,,,,
1131,Empty ,,,,,,,,,,,,
1132,Empty ,,,,,,,,,,,,
1133,Empty ,,,,,,,,,,,,
1134,Empty ,,,,,,,,,,,,
1135,Empty ,,,,,,,,,,,,
1136,Empty ,,,,,,,,,,,,
1137,Empty ,,,,,,,,,,,,
1138,Empty ,,,,,,,,,,,,
1139,Empty ,,,,,,,,,,,,
1140,Empty ,,,,,,,,,,,,
1141,Empty ,,,,,,,,,,,,
1142,Empty ,,,,,,,,,,,,
1143,Empty ,,,,,,,,,,,,
1144,Empty ,,,,,,,,,,,,
1145,Empty ,,,,,,,,,,,,
1146,Empty ,,,,,,,,,,,,
1147,Empty ,,,,,,,,,,,,
1148,Empty ,,,,,,,,,,,,
1149,Empty ,,,,,,,,,,,,
1150,Empty ,,,,,,,,,,,,
1151,Empty ,,,,,,,,,,,,
1152,Empty ,,,,,,,,,,,,
1153,Empty ,,,,,,,,,,,,
1154,Empty ,,,,,,,,,,,,
1155,Empty ,,,,,,,,,,,,
1156,Empty ,,,,,,,,,,,,
1157,Empty ,,,,,,,,,,,,
1158,Empty ,,,,,,,,,,,,
1159,Empty ,,,,,,,,,,,,
1160,Empty ,,,,,,,,,,,,
1161,Empty ,,,,,,,,,,,,
1162,Empty ,,,,,,,,,,,,
1163,Empty ,,,,,,,,,,,,
1164,Empty ,,,,,,,,,,,,
1165,Empty ,,,,,,,,,,,,
1166,Empty ,,,,,,,,,,,,
1167,Empty ,,,,,,,,,,,,
1168,Empty ,,,,,,,,,,,,
1169,Empty ,,,,,,,,,,,,
1170,Empty ,,,,,,,,,,,,
1171,Empty ,,,,,,,,,,,,
1172,Empty ,,,,,,,,,,,,
1173,Empty ,,,,,,,,,,,,
1174,Empty ,,,,,,,,,,,,
1175,Empty ,,,,,,,,,,,,
1176,Empty ,,,,,,,,,,,,
1177,Empty ,,,,,,,,,,,,
1178,Empty ,,,,,,,,,,,,
1179,Empty ,,,,,,,,,,,,
1180,Empty ,,,,,,,,,,,,
1181,Empty ,,,,,,,,,,,,
1182,Empty ,,,,,,,,,,,,
1257,Empty ,,,,,,,,,,,,
1258,Empty ,,,,,,,,,,,,
1259,Empty ,,,,,,,,,,,,
1260,Empty ,,,,,,,,,,,,
1261,Builders,Builders Electricity,91733104,FALSE,FALSE,Iskra(ME162),,Residential - Water,250023142,FALSE,FALSE,Sensus(220C),
1262,Empty ,,,,,,,,,,,,
1263,Empty ,,,,,,,,,,,,
1264,Empty ,,,,,,,,,,,,
1265,Occupied ,Residential 60A,91732533,FALSE,FALSE,Iskra(ME162),,Residential - Water,250022717,FALSE,FALSE,Sensus(220C),
1266,Occupied ,Residential 60A,67988111,FALSE,FALSE,Actom?,,Residential - Water,240027601,FALSE,FALSE,Sensus(Sensus 220C),
1267,Occupied ,Residential 60A,84039744,FALSE,FALSE,Iskra(ME162),,Residential - Water,240027627,FALSE,FALSE,Sensus(Sensus 220C),
1268,Empty ,,,,,,,,,,,,
1269,Builders,Builders Electricity,91546960,FALSE,FALSE,Iskra(ME162),,Residential - Water,230050250,FALSE,FALSE,Sensus(220C),
1270,Builders,Builders Electricity,91733000,FALSE,FALSE,Iskra(ME162),,Residential - Water,250023470,FALSE,FALSE,Sensus(220C),
1271,Empty ,,,,,,,,,,,,
1272,Builders,Builders Electricity,91732954,FALSE,FALSE,Iskra(ME162),,Residential - Water,250021420,FALSE,FALSE,Sensus(220C),
1273,Occupied ,Residential 60A,42607123,FALSE,FALSE,Iskra(ME162 - Iskra),,Residential - Water,230044118,FALSE,FALSE,Sensus(Sensus 220C),
1274,Occupied ,Residential 60A,84039772,FALSE,FALSE,Iskra(ME162),,Residential - Water,230044119,FALSE,FALSE,Sensus(Sensus 220C),
1275,Occupied ,Residential 60A,47369297,FALSE,FALSE,Iskra(ME162 - Iskra),,Residential - Water,230044103,FALSE,FALSE,Sensus(Sensus 220C),
1276,Occupied ,Residential 60A,62627223,FALSE,FALSE,Iskra(ME162-D),,Residential - Water,230044109,FALSE,FALSE,Sensus(Sensus 220C),
1277,Occupied ,Residential 60A,67988188,FALSE,FALSE,Iskra(ME162-D),,Residential - Water,230050245,FALSE,FALSE,Sensus(Sensus 220C),
1278,Builders,Builders Electricity,91732511,FALSE,FALSE,Iskra(ME162),,Residential - Water,250022702,FALSE,FALSE,Sensus(220C),
1279,Empty ,,,,,,,,,,,,
1280,Builders,Builders Electricity,67020772,FALSE,FALSE,Iskra(ME162-D),,Residential - Water,250034226,FALSE,FALSE,Sensus(220C),
1281,Empty ,,,,,,,,,,,,
1282,Empty ,,,,,,,,,,,,
1283,Builders,Builders Electricity,98819679,FALSE,FALSE,Iskra(MT174D),,Residential - Water,230060340,FALSE,FALSE,Sensus(220C),
1284,Empty ,,,,,,,,,,,,
1285,Empty ,,,,,,,,,,,,
1286,Empty ,,,,,,,,,,,,
1287,Occupied ,Residential 60A,91733397,FALSE,FALSE,Iskra(ME162),,Residential - Water,230044040,FALSE,FALSE,Sensus(220C),
1288,Occupied ,Residential 60A,91733004,FALSE,FALSE,Iskra(ME162),,Residential - Water,90004011,TRUE,FALSE,Sensus(420PC),
2050,Builders,Builders Electricity,89392144,FALSE,FALSE,Iskra(ME162 - Iskra),,Residential - Water,250046973,FALSE,FALSE,Sensus(220C),
2103,Builders,Builders Electricity,91546216,FALSE,FALSE,Iskra(ME162),,Residential - Water,260000369,FALSE,FALSE,Sensus(220C),
2138,Builders,Builders Electricity,91732558,FALSE,FALSE,Iskra(ME162),,Residential - Water,250022465,FALSE,FALSE,Sensus(220C),
2160/Dev,Builders,,,,,,,Residential - Water,SN252093368,FALSE,FALSE,Sensus(220C),
2189,Builders,Builders Electricity,68053856,FALSE,FALSE,Actom?,,Residential - Water,250021742,FALSE,FALSE,Sensus(220C),
2215,Builders,Builders Electricity,68054097,FALSE,FALSE,Iskra(ME162-D),,Residential - Water,250053015,FALSE,FALSE,Sensus(220C),
2227,Builders,Builders Electricity,91733053,FALSE,FALSE,Iskra(ME162),,Residential - Water,250022476,FALSE,FALSE,Sensus(220C),
2235,Builders,Builders Electricity,91546020,FALSE,FALSE,Iskra(ME162),,Residential - Water,250022474,FALSE,FALSE,Sensus(220C),
2239,Builders,Builders Electricity,91546228,FALSE,FALSE,Iskra(ME162-D),,Residential - Water,250065189,FALSE,FALSE,Sensus(220C),
2247,Builders,,,,,,,Residential - Water,260000378,FALSE,FALSE,Sensus(220C),
2253,Builders,Builders Electricity,67020686,FALSE,FALSE,Iskra(ME162-D),,Residential - Water,250053010,FALSE,FALSE,Sensus(220C),
2254,Builders,Builders Electricity,90007848,FALSE,FALSE,Iskra(ME162 - Iskra),,Residential - Water,250036790,FALSE,FALSE,Sensus(220C),
2255,Builders,Builders Electricity,67020999,FALSE,FALSE,Iskra(ME162-D),,Residential - Water,250034224,FALSE,FALSE,Sensus(220C),
2258,Builders,,,,,,,,,,,,
2259,Builders,Builders Electricity,91732378,FALSE,FALSE,Iskra(ME162),,Residential - Water,260000374,FALSE,FALSE,Sensus(220C),
2260,Builders,Builders Electricity,91732362,FALSE,FALSE,Sensus(220C),,,,,,,
2288,Builders,Builders Electricity,91546241,FALSE,FALSE,Iskra(ME162),,Residential - Water,250065194,FALSE,FALSE,Sensus(220C),
2291,Builders,Builders Electricity,91546299,FALSE,FALSE,Iskra(ME162-D),,Residential - Water,250065187,FALSE,FALSE,Sensus(220C),
2292,Builders,Builders Electricity,91546206,FALSE,FALSE,Iskra(ME162),,Residential - Water,250053003,FALSE,FALSE,Sensus(220C),
2338,Builders,Builders Electricity,91733002,FALSE,FALSE,Iskra(ME162),,Residential - Water,250023467,FALSE,FALSE,Sensus(220C),
Borehole,Virtual ,Residential 3x100A,63236950,TRUE,FALSE,Actom(MT174D),,,,,,,
Condo BL A Unit 01,Not Occupied,Elec Zero Charge,91 546 217,FALSE,FALSE,Iskra(ME162),,Zero Charge - Water,250 070 140,FALSE,FALSE,Sensus(220C),
Condo BL A Unit 02,Not Occupied,Elec Zero Charge,91 546 285,FALSE,FALSE,Iskra(ME162),,Zero Charge - Water,250 070 127,FALSE,FALSE,Sensus(220C),
Condo BL A Unit 03,Not Occupied,Elec Zero Charge,91 546 316,FALSE,FALSE,Iskra(ME162),,Zero Charge - Water,250 070 121,FALSE,FALSE,Sensus(220C),
Condo BL A Unit 04,Not Occupied,Elec Zero Charge,91 546 291,FALSE,FALSE,Iskra(ME162),,Zero Charge - Water,250 070 130,FALSE,FALSE,Sensus(220C),
Condo BL A Unit 05,Not Occupied,Elec Zero Charge,91 546 184,FALSE,FALSE,Iskra(ME162),,Zero Charge - Water,250 070 123,FALSE,FALSE,Sensus(220C),
Condo BL A Unit 06,Not Occupied,Elec Zero Charge,91 546 336,FALSE,FALSE,Iskra(ME162),,Zero Charge - Water,250 070 125,FALSE,FALSE,Sensus(220C),
Condo BL A Unit 07,Not Occupied,Elec Zero Charge,91 546 292,FALSE,FALSE,Iskra(ME162),,Zero Charge - Water,250 070 132,FALSE,FALSE,Sensus(220C),
Condo BL A Unit 08,Not Occupied,Elec Zero Charge,91 546 215,FALSE,FALSE,Iskra(ME162),,Zero Charge - Water,250 070 122,FALSE,FALSE,Sensus(220C),
Contractors Gate,Virtual ,Residential 40A,42606904,FALSE,FALSE,Iskra?,,,,,,,
Dessage Pump ,Virtual ,Residential 60A,91733006,FALSE,FALSE,Iskra(ME162),,,,,,,
Dev,Builders,,,,,,,,,,,,
Erf 2334/Dev,Builders,,,,,,,,,,,,
Ext H Block D Unit 20,Empty ,,,,,,,,,,,,
Ext H Block D Unit 21,Empty ,,,,,,,,,,,,
G/H ZUL/SEA,Virtual ,Residential 40A,87819227,FALSE,FALSE,Iskra(ME162),,,,,,,
Irrigation,Virtual ,Residential 3x63A,87818942,FALSE,FALSE,Iskra(MT174D),,,,,,,
Main Gatehouse,Virtual ,Residential 3x125A,90915180,FALSE,FALSE,Iskra(MT174T),,,,,,,
MK 01,Virtual ,,,,,,,,,,,,
MK 02,Virtual ,,,,,,,,,,,,
MK 03,Virtual ,,,,,,,,,,,,
MK 04,Virtual ,,,,,,,,,,,,
MK 05,Virtual ,,,,,,,,,,,,
MK 06,Virtual ,,,,,,,,,,,,
MS 01,Virtual ,Elec Zero Charge TOU MD,91074351,TRUE,TRUE,Iskra(MT174-T),Atom,,,,,,
MS 02,Virtual ,Elec Zero Charge,83183211,TRUE,FALSE,Iskra(MT174T - Iskra),,,,,,,
MS 03,Virtual ,Elec Zero Charge,83183198,TRUE,TRUE,Iskra(MT174T - Iskra),Atom,,,,,,
MS 04,Virtual ,Elec Zero Charge,91074350,TRUE,TRUE,Iskra(MT174T - Iskra),Atom,,,,,,
MS 05,Virtual ,Elec Zero Charge,91074352,TRUE,TRUE,Iskra(MT174T - Iskra),Atom,,,,,,
MS 06,Virtual ,Elec Zero Charge,90915181,TRUE,TRUE,Iskra(MT174-T),Atom,,,,,,
MS 07,Virtual ,Commercial 3x450A,91073764,TRUE,FALSE,Iskra(MT174-T),,,,,,,
MS 08,Virtual ,Elec Zero Charge TOU,98820120,TRUE,FALSE,Iskra(MT174),,,,,,,
MS 09,Virtual ,Elec Zero Charge TOU MD,90915107,TRUE,FALSE,Iskra(MT174-T),,,,,,,
MS 10,Virtual ,Elec Zero Charge TOU,98820124,TRUE,FALSE,Iskra(MT174),,,,,,,
MS 11,Virtual ,Elec Zero Charge TOU,91073762,TRUE,FALSE,Iskra(MT 174),,,,,,,
MS 12,Virtual ,Elec Zero Charge TOU,98820129,TRUE,FALSE,Iskra(MT174-T),,,,,,,
MS 13,Virtual ,Elec Zero Charge TOU MD,98820126,FALSE,FALSE,Iskra(MT174),,,,,,,
MS 14,Virtual ,Elec Zero Charge TOU,98820123,TRUE,FALSE,Iskra(MT174T),,,,,,,
MS 15,Virtual ,Elec Zero Charge TOU MD,98820127,TRUE,FALSE,Iskra(MT174-T),,,,,,,
Pavillion/Stables,Virtual ,,,,,,,Residential - Water,25012733,FALSE,FALSE,Sensus(220C),
SEA - MAIN,Virtual ,,,,,,,,,,,,
SEA Bulk Elec,Virtual ,Elec Zero Charge MD,66605576,TRUE,FALSE,Iskra?,,,,,,,
SEA Bulk Water,Virtual ,,,,,,,Zero Charge - Water,25050214,FALSE,FALSE,Sensus(DE-22MI001),
SEA/Siza Water Pump Statioon,Virtual ,,,,,,,,,,,,
SEA_Munic,Virtual ,,,,,,,,,,,,
Streetlights MS 01,Virtual ,Residential 3x80A,91073505,FALSE,FALSE,Iskra(MT174D - Iskra),,,,,,,
Streetlights MS 03,Virtual ,Residential 3x30A,90012650,FALSE,FALSE,Iskra(MT174D - Iskra),,,,,,,
Streetlights MS 04,Virtual ,Residential 3x80A,91073489,FALSE,FALSE,Iskra(MT174),,,,,,,
Streetlights MS 05,Virtual ,Residential 3x80A,91073486,FALSE,FALSE,Iskra(MT174D - Iskra),,,,,,,
Streetlights MS 06,Virtual ,Residential 3x80A,63236959,FALSE,FALSE,Actom(MT174D),,,,,,,
Streetlights MS 08,Virtual ,Residential 3x80A,62639802,FALSE,FALSE,Alstom(MT174 3Phase),,,,,,,
Streetlights MS 10,Virtual ,Residential 3x80A,64126564,FALSE,FALSE,Actom(MT174-D),,,,,,,
Streetlights MS 11,Virtual ,Residential 3x80A,64126541,FALSE,FALSE,Iskra(MT174-D),,,,,,,
Streetlights MS 12,Virtual ,Residential 3x80A,63236961,FALSE,FALSE,Actom(MT174D),,,,,,,
Streetlights MS 13,Virtual ,Residential 3x80A,63236904,FALSE,FALSE,Actom(MT174-D),,,,,,,
Streetlights MS 14,Virtual ,Residential 3x80A,63237000,FALSE,FALSE,Actom(MT174-D),,,,,,,
Streetlights MS 15,Virtual ,Residential 3x80A,63236992,FALSE,FALSE,Actom(MT174-D),,,,,,,
Tractor and Storage ,Virtual ,Residential 60A,91733057,FALSE,FALSE,Iskra(ME162),,,,,,,
Villas BL B Unit 09,Not Occupied,Elec Zero Charge,91 733 102,FALSE,FALSE,Iskra(ME162),,Zero Charge - Water,250 070 124,FALSE,FALSE,Sensus(220C),
Villas BL B Unit 10,Not Occupied,Elec Zero Charge,91 546 310,FALSE,FALSE,Iskra(ME162),,Zero Charge - Water,250 070 131,FALSE,FALSE,Sensus(220C),
Villas BL B Unit 11,Not Occupied,Elec Zero Charge,91 546 284,FALSE,FALSE,Iskra(ME162),,Zero Charge - Water,250 070 136,FALSE,FALSE,Sensus(220C),
Villas BL B Unit 12,Not Occupied,Elec Zero Charge,91 546 210,FALSE,FALSE,Iskra(ME162),,Zero Charge - Water,250 070 134,FALSE,FALSE,Sensus(220C),
Villas BL B Unit 13,Not Occupied,Elec Zero Charge,91 546 286,FALSE,FALSE,Iskra(ME162),,Zero Charge - Water,250 070 135,FALSE,FALSE,Sensus(220C),
Villas BL B Unit 14,Not Occupied,Elec Zero Charge,91 546 261,FALSE,FALSE,Iskra(ME162),,Zero Charge - Water,250 070 137,FALSE,FALSE,Sensus(220C),
Villas BL C Unit 15,Not Occupied,Elec Zero Charge,91 546 209,FALSE,FALSE,Iskra(ME162),,Zero Charge - Water,250 070 128,FALSE,FALSE,Sensus(220C),
Villas BL C Unit 16,Not Occupied,Elec Zero Charge,91 733 106,FALSE,FALSE,Iskra(ME162),,Zero Charge - Water,250 070 133,FALSE,FALSE,Sensus(220C),
Villas BL C Unit 17,Not Occupied,Elec Zero Charge,91 546 266,FALSE,FALSE,Iskra(ME162),,Zero Charge - Water,250 070 138,FALSE,FALSE,SDM120C(220C),
Villas BL C Unit 18,Not Occupied,Elec Zero Charge,91 546 179,FALSE,FALSE,Iskra(ME162),,Zero Charge - Water,250 070 129,FALSE,FALSE,Sensus(220C),
Villas BL C Unit 19,Not Occupied,Elec Zero Charge,91 546 236,FALSE,FALSE,Iskra(ME162),,Zero Charge - Water,250 070 139,FALSE,FALSE,Sensus(220C),
