Stand,SerialNumber1,IsAMR1
38,230059587,TRUE
0498_01,211132011,TRUE
0498_02,211124273,TRUE
0498_03,211110601,TRUE
0498_04,SN190356087,FALSE
0498_05,211110608,TRUE
0498_06,211110620,TRUE
0498_07,1010-020-4668,TRUE
0498_08A,211110616,TRUE
0498_08B,211132168,TRUE
0498_09A,211130842,TRUE
0498_09B,8SEN0100205400,TRUE
0498_10A,8SEN0100202974,TRUE
0498_10B,8SEN0100205244,TRUE
0498_11A,8SEN0100202907,TRUE
0498_11B,8SEN0100202966,TRUE
0498_12,8SEN0100203012,TRUE
0498_13,8SEN0100205396,TRUE
0498_14,8SEN0100204669,TRUE
0498_15,8SEN0100202887,TRUE
0498_BC,48303440,FALSE
503,2345000876,FALSE
0503_01,220070382,TRUE
0503_02,240027638,TRUE
0503_03,211030464,TRUE
0503_04,211144216,TRUE
0503_05,211168023,FALSE
0503_06,211168021,TRUE
0503_07,211168026,TRUE
0503_08,211168031,TRUE
0503_09,211110614,TRUE
0503_10,240028191,FALSE
0503_11,240029061,FALSE
0503_12,230050628,FALSE
0503_13,230044032,FALSE
0503_14,230059613,FALSE
0505_01,8SEN0100202891,TRUE
0505_02,8SEN0100205289,TRUE
0505_03,8SEN0100205266,TRUE
0505_04,8SEN0100202985,TRUE
0505_05,8SEN0100202969,TRUE
0505_06,SEN0100202892,TRUE
0505_07,8SEN0100202895,TRUE
0505_08,8SEN0100202911,TRUE
0505_09,8SEN0100205245,TRUE
0505_10,8SEN0100202893,TRUE
0505_11,8SEN0100202972,TRUE
0505_12,8SEN0100203008,TRUE
0505_13,SEN0100205268,TRUE
0505_14,SEN0100205287,TRUE
0505_15,SEN0100203596,TRUE
0505_16,SEN0100202982,TRUE
0505_17,SEN0100202912,TRUE
0505_18,SEN0100203560,TRUE
0505_19,SEN0100202822,TRUE
0505_20,SEN0100203562,TRUE
0505_21,SEN0100203564,TRUE
0505_22,SEN0100202968,TRUE
0505_23,SEN0100202924,TRUE
0505_24,SEN0100205272,TRUE
0505_25,SEN0100205293,TRUE
0505_26,SEN0100205402,TRUE
0505_27,SEN0100202983,TRUE
0505_28,SEN0100203559,TRUE
0505_29,SEN0100202971,TRUE
0505_30,8SEN0100205398,TRUE
0505_31,8SEN0100202825,TRUE
0505_32,8SEN0100203558,TRUE
0505_33,8SEN0100202820,TRUE
0505_34,SEN0100203011,TRUE
0505_35,SEN0100204667,TRUE
0505_36,8SEN0100202973,TRUE
0505_37,8SEN0100202925,TRUE
0505_38,8SEN0100202921,TRUE
0505_39,SEN0100202909,TRUE
0505_40,8SEN0100205286,TRUE
0505_41,8SEN0100205290,TRUE
0505_42,8SEN0100203602,TRUE
0505_43,8SEN0100202920,TRUE
0505_44,8SEN0100205295,TRUE
0505_45,211130847,TRUE
0505_BC,220825997,FALSE
0505_F01,211130850,TRUE
0505_F02,211157572,TRUE
0505_F03,211130848,TRUE
0505_F04,211130844,TRUE
0505_F05,211130807,TRUE
507,211157576,TRUE
510,1414266,TRUE
0511_Dev,48303429,FALSE
512,25031473,FALSE
0512/01,250022575,FALSE
0512/02,230022579,FALSE
0512/03,250022708,FALSE
0512/04,250020354,FALSE
0512/05,250020345,FALSE
0512/06,250019879,FALSE
0512/07,250020341,FALSE
0512/08,250020357,FALSE
514,250065182,FALSE
64,250020349,TRUE
65,230050259,TRUE
66,240059905,TRUE
67,240059699,TRUE
68,230060334,TRUE
69,240059919,TRUE
70,230050246,TRUE
71,240059683,TRUE
72,230044036,TRUE
73,240059684,TRUE
74,230050625,TRUE
75,250022173,TRUE
88,240059600,TRUE
89,230050247,FALSE
90,230050254,TRUE
91,230044027,TRUE
92,230050626,TRUE
93,230050633,TRUE
94,230059594,TRUE
95,230060335,TRUE
96,230059593,TRUE
97,230059609,TRUE
98,230060436,TRUE
99,230044034,TRUE
100,230060324,TRUE
101,230059584,TRUE
102,230060358,TRUE
103,240059886,TRUE
104,240059916,TRUE
105,250022703,FALSE
106,250022162,TRUE
107,230044530,TRUE
108,230050634,TRUE
109,230058519,TRUE
110,230060327,TRUE
1116,211157578,TRUE
1118,240027620,TRUE
1119,230044114,TRUE
1120,230044105,FALSE
1123,211124269,TRUE
1124,211162471,TRUE
1126,211132161,TRUE
1127,250065198,FALSE
1131,211110606,TRUE
1132,211124280,TRUE
1133,211150720,TRUE
1137,250052984,FALSE
1139,211129069,TRUE
1140,211132162,FALSE
1141,211130855,TRUE
1147,240027606,TRUE
1148,211130851,TRUE
1150,SEN0100202894,TRUE
1151,SEN0100204671,TRUE
1152,1010-020-2976,TRUE
1153,1010-020-3597,TRUE
1155,1010-020-4666,TRUE
1157,211110619,TRUE
1158,250065196,FALSE
1159,230044780,TRUE
1160,240027678,TRUE
1161,230044773,TRUE
1165,211157569,TRUE
1166,230044774,TRUE
1169,1010-020-2816,TRUE
1171,240027612,TRUE
1172,211157571,FALSE
1173,211150709,TRUE
1178,1010-020-2977,TRUE
1182_ Beach Pavillion,211110613,FALSE
1183,230044762,TRUE
1186,250052982,FALSE
1188,250055572,FALSE
1189,211132180,TRUE
1190,230059603,TRUE
1192,230060344,TRUE
1195,250023473,FALSE
1197,211124272,TRUE
1200,260000372,FALSE
1201,SEN0100202832,TRUE
1202,211130856,TRUE
1206,211110602,TRUE
1207,230044775,TRUE
1208,211110617,TRUE
1209,1010-020-5238,TRUE
1211,211132179,TRUE
1213,211144205,TRUE
1214,230060333,TRUE
1215,240031929,TRUE
1216,1010-020-2922,TRUE
1217,SEN0100205404,TRUE
1218,240027674,TRUE
1220,211144220,TRUE
1222,211150717,TRUE
1223,211132164,TRUE
1225,211130841,TRUE
1227,250020359,FALSE
1228,211150707,TRUE
1230,250021749,FALSE
1231,211157579,TRUE
1232,211130812,TRUE
1233,211129080,FALSE
1234,211144209,FALSE
1235,211124265,TRUE
1236,100205403,TRUE
1237,211119169,FALSE
1239,250065188,FALSE
1241,211162479,TRUE
1245,211157568,TRUE
1246,250023463,FALSE
1247,230060337,FALSE
1248,211110609,TRUE
1249,1010-020-5269,TRUE
1250,230050251,TRUE
1251,211144203,FALSE
1255,211150704,TRUE
1256,211132170,TRUE
1259,211162466,TRUE
1260,220070387,TRUE
1261,211156485,TRUE
1262,211150713,TRUE
1263,211150706,TRUE
1264,250021755,FALSE
1265,230058505,FALSE
1266,211162464,TRUE
1267,230060326,FALSE
1273,211162480,TRUE
1274,230050637,FALSE
1277,211148956,FALSE
1279,211132174,TRUE
1280,211144217,TRUE
1281,211132165,TRUE
1282,211132175,TRUE
1283,211168034,TRUE
1284,211148950,TRUE
1285,211124262,TRUE
1286,240059682,FALSE
1287,211150702,TRUE
1288,211150718,TRUE
1289,211155869,FALSE
1291,250023445,FALSE
1292,250022864,FALSE
1293,211130816,TRUE
1299_ Sports Pavilion ,211124267,TRUE
1312,211124268,FALSE
1313,230060331,TRUE
1314,250020350,TRUE
1315,240027605,TRUE
1316,230059585,TRUE
1317,230050630,FALSE
1318,1414552,TRUE
1319,211157566,TRUE
1320,211132172,TRUE
1324,211162463,TRUE
1326,250038036,FALSE
1336_01,22A014078,TRUE
1336_02,22A010662,TRUE
1336_03,22A042413,TRUE
1336_04,SN190924653,TRUE
1336_05,22A013252,TRUE
1336_06,22A013968,TRUE
1336_07,22A013879,TRUE
1336_08,22A013806,TRUE
1336_BC,120767447,FALSE
1340,211124276,TRUE
1341,SEN0100204673,TRUE
1342,SEN0100202831,TRUE
1347,211132167,TRUE
135,250023447,FALSE
1350_01,232005147,TRUE
1350_02,232017483,TRUE
1350_03,232017411,TRUE
1350_04,232017456,TRUE
1350_05,232000477,TRUE
1350_06,232020477,TRUE
1350_07,232017493,TRUE
1350_08,232017485,TRUE
1350_09,232000215,TRUE
1350_10,222063882,TRUE
1350_11,232005121,TRUE
1350_12,222068646,TRUE
1350_BC,8SEN0120790664,FALSE
1351,211124278,FALSE
1352,211150710,TRUE
1353,211150705,TRUE
1354,211168022,TRUE
1355,211110611,TRUE
1356_01 ,23A018492,TRUE
1356_02,23A019383,TRUE
1356_03,23A019047,TRUE
1356_04,23A017543,TRUE
1356_05,23A017512,TRUE
1356_06,23A019032,TRUE
1356_07,23A018988,TRUE
1356_08,23A019004,TRUE
1356_09,23A018491,TRUE
1356_10,25012659,TRUE
1356_11,23A019071,TRUE
1356_12,23A017876,TRUE
136,250022704,TRUE
137,250023458,TRUE
138,250022166,TRUE
139,250022714,TRUE
142,26005793,FALSE
149,25193667,FALSE
151,26005784,FALSE
156,250053006,TRUE
157,250053007,TRUE
1572,211124264,TRUE
1573,250020342,FALSE
1575,240027594,TRUE
1576,260000380,FALSE
1577,211168033,TRUE
1579,250052393,FALSE
158,250023008,TRUE
1580,211168038,TRUE
159,250021756,TRUE
160,250052391,TRUE
1600,250022461,FALSE
1601,211124274,TRUE
1603,250022564,FALSE
1604,250021741,FALSE
1608,211162475,TRUE
1609,211155190,TRUE
161,250052395,TRUE
1610,211110605,TRUE
1611,211157128,TRUE
1615,211110615,TRUE
1617,250069404,FALSE
1618,211110604,TRUE
1619,211162474,TRUE
162,250021743,TRUE
1620,211110610,TRUE
1621,250021748,FALSE
1622,211168036,TRUE
1623,211144212,TRUE
1624,211132178,TRUE
1625,240027608,TRUE
1627,250020353,FALSE
163,250021746,TRUE
1634,250020355,FALSE
1635,211144204,TRUE
1636,240027602,TRUE
1637,230044110,TRUE
1638,250021188,FALSE
164,250021745,TRUE
1642,230044108,TRUE
1643,211168024,TRUE
1645,220070385,TRUE
1647,230060329,TRUE
1648,230050242,TRUE
1649,230050260,TRUE
165,230060323,TRUE
1651,250025535,FALSE
1652,211110603,TRUE
1654,250020348,FALSE
1655,230044771,TRUE
1656,211157565,TRUE
1657,250020843,FALSE
1658,211168028,FALSE
1659,230050252,TRUE
166,230059607,TRUE
1660,250053009,FALSE
1661,211157562,TRUE
1662,220070400,TRUE
1666,230044533,TRUE
1667,230044029,TRUE
167,230060345,TRUE
1674,211132163,TRUE
1675,230050621,FALSE
1679,240027615,TRUE
168,250021754,TRUE
1680,230044770,TRUE
169,250053005,FALSE
170,250053017,FALSE
1704,211157133,TRUE
1705_01,250065186,FALSE
1705_02,250052385,FALSE
1705_03,220070381,TRUE
1705_04,250052387,FALSE
1705_06,250052386,FALSE
1705_20,211124270,TRUE
1705_Dev,260000366,FALSE
1706_01,1010-020-2916,TRUE
1706_02,230060338,TRUE
1706_03,230050243,TRUE
1706_04,230059598,TRUE
1706_05,211144214,TRUE
1706_06,230058502,TRUE
1706_07,211162472,TRUE
1706_08,SN202009890,TRUE
1706_09,211150719,TRUE
1707_Dev,SN22203968,TRUE
171,250052400,FALSE
172,250065185,FALSE
173,250052392,FALSE
174,250052382,FALSE
175,250065191,FALSE
176,250052396,FALSE
177,250052397,FALSE
178,250052383,FALSE
179,250022467,FALSE
180,250022463,TRUE
181,250060351,FALSE
184,250053001,TRUE
185,250020352,FALSE
186,250022464,TRUE
187,250022466,TRUE
188,250022462,TRUE
190,250023449,TRUE
191,250023450,FALSE
192,250023454,TRUE
193,250023448,TRUE
197,250022164,TRUE
198,250053012,TRUE
199,250053018,TRUE
200,250053004,TRUE
201,250053002,TRUE
202,250023452,TRUE
203,250023442,TRUE
204,250022168,TRUE
205,250022711,TRUE
504_CLUBHOUSE,48303426,FALSE
513_01,SN202016029,FALSE
513_02,SN202015979,TRUE
513_03,SN202034372,FALSE
513_04,SN202000199,TRUE
513_05,SN202034342,FALSE
513_06,SN202005369,FALSE
513_07,SN202020420,FALSE
513_08,SN202015967,FALSE
513_09,SN202017842,TRUE
513_10,SN212018473,TRUE
513_11,SN212010502,TRUE
513_12,SN212013607,TRUE
513_13,SN202034363,FALSE
513_14,SN212000027,TRUE
513_15,SN212013808,FALSE
513_16,SN202034701,FALSE
513_Azure_BC,1012-275-2347,FALSE
BL A/00/001,250200136,FALSE
BL A/00/002,250200149,FALSE
BL A/00/003,250200142,FALSE
BL A/00/004,250100675,FALSE
BL A/00/005,250100680,FALSE
BL A/00/01,220018322,TRUE
BL A/00/02,220018321,TRUE
BL A/00/03,230044113,FALSE
BL A/00/04,211124271,TRUE
BL A/00/05,240027600,TRUE
BL A/01/06,230044112,TRUE
BL A/01/07,220018327,TRUE
BL A/01/08,220018328,FALSE
BL A/01/09,230044120,TRUE
BL A/01/10,220018330,TRUE
BL A/01/101,250100262,FALSE
BL A/01/102,250200150,FALSE
BL A/01/103,250200137,FALSE
BL A/01/104,250100673,FALSE
BL A/01/105,SN250200148,FALSE
BL A/02/201,250200132,FALSE
BL A/02/202,250200143,FALSE
BL A/02/203,250100677,FALSE
BL A/02/204,250200131,FALSE
BL A/02/205,SN250200138,FALSE
BL B/00/001,SN250200141,FALSE
BL B/00/002,250200145,FALSE
BL B/00/003,250200147,FALSE
BL B/00/004,250200135,FALSE
BL B/00/11,230044111,TRUE
BL B/00/12,230044115,TRUE
BL B/00/13,230044102,TRUE
BL B/00/14,230044117,TRUE
BL B/00/15,211124275,FALSE
BL B/00/23,240027618,TRUE
BL B/01/101,250200134,FALSE
BL B/01/102,250100672,FALSE
BL B/01/103,250200146,FALSE
BL B/01/104,250200144,FALSE
BL B/01/17,220018329,FALSE
BL B/01/18,220018331,TRUE
BL B/01/19,220018324,TRUE
BL B/01/20,230044116,TRUE
BL B/01/21,220018326,TRUE
BL B/01/22,211124261,FALSE
BL B/01/24,240027611,TRUE
BL B/02/201,250100676,FALSE
BL B/02/202,250200139,FALSE
BL B/02/203,250200133,FALSE
BL B/02/204,250100674,FALSE
Bulk Water,120080809,FALSE
Bulk Water,SEN0120790606,FALSE
Bulk Water,SN230500937,FALSE
Care Centre,240201514,FALSE
Contractors Gatehouse,240027662,FALSE
Gatehouse,250023476,FALSE
Munic Bulk Water,120025934,FALSE
Pavilion,2545002279,FALSE
Ptn 4/501_01,SEN0100203006,TRUE
Ptn 4/501_02,SEN0100202818,TRUE
Ptn 4/501_03,SEN0100204675,TRUE
Ptn 4/501_04,SEN0100205288,TRUE
Ptn 4/501_05,211132169,TRUE
Ptn 4/501_07,8SEN0100202826,TRUE
Ptn 4/501_08,8SEN0100202913,TRUE
Ptn 4/501_09,211110607,FALSE
Ptn 4/501_10,220070393,TRUE
Ptn 4/501_11,211144215,FALSE
Ptn 4/501_12,211110618,FALSE
Ptn 4/501_13,211132177,FALSE
Ptn 4/501_14,211132173,FALSE
Ptn 4/501_15,211132171,FALSE
Ptn 4/501_16,211132166,TRUE
Ptn 4/501_17,211130858,TRUE
Ptn 4/501_18,211130810,TRUE
Ptn 4/501_19,8SEN0100202984,TRUE
Ptn 4/501_20,211130846,TRUE
Ptn/501 BC,240027603,TRUE
Rem 501 BC,230303589,FALSE
Rem 501_01,211124266,TRUE
Rem 501_02,211130845,TRUE
Rem 501_03,220065048,TRUE
Rem 501_04,220070394,FALSE
Rem 501_05,250020356,FALSE
Rem 501_06,220065562,TRUE
Rem 501_07,211124277,FALSE
Rem 501_08,211130860,TRUE
Rem 501_09,220073986,TRUE
Rem 501_10,220065651,TRUE
Rem 501_11,220074137,TRUE
Rem 501_12,220069787,TRUE
Rem 501_13,220070390,FALSE
Rem 501_14,220070383,FALSE
Rem 501_15,230044024,FALSE
Rem 501_16,211130852,TRUE
Rem 501_17,220067021,FALSE
Rem 501_18,211130853,TRUE
Rem 501_19,220070398,FALSE
Rem 501_20,220070389,TRUE
Rem 501_21,220070397,TRUE
Rem 501_22,220065042,TRUE
Rem 501_23,250065184,FALSE
Rem 501_24,220070391,TRUE
Rem 501_25,250025527,FALSE
Rem 501_26,220063698,TRUE
Sales Office,190463522,FALSE
Utilitys,2345000896,FALSE
